,length,vocab
0,100,39
1,200,49
2,300,51
3,400,52
4,500,59
5,600,62
6,700,67
7,800,67
8,900,74
9,1000,77
10,1100,77
11,1200,77
12,1300,77
13,1400,84
14,1500,88
15,1600,89
16,1700,89
17,1800,90
18,1900,90
19,2000,91
20,2100,91
21,2200,91
22,2300,91
23,2400,91
24,2500,93
25,2600,95
26,2700,95
27,2800,95
28,2900,95
29,3000,95
30,3100,95
31,3200,98
32,3300,103
33,3400,103
34,3500,103
35,3600,103
36,3700,103
37,3800,103
38,3900,103
39,4000,103
40,4100,104
41,4200,104
42,4300,104
43,4400,104
44,4500,106
45,4600,106
46,4700,106
47,4800,107
48,4900,108
49,5000,108
50,5100,108
51,5200,108
52,5300,108
53,5400,108
54,5500,109
55,5600,116
56,5700,116
57,5800,116
58,5900,116
59,6000,116
60,6100,117
61,6200,118
62,6300,120
63,6400,120
64,6500,120
65,6600,121
66,6700,121
67,6800,121
68,6900,121
69,7000,123
70,7100,123
71,7200,123
72,7300,124
73,7400,124
74,7500,124
75,7600,126
76,7700,126
77,7800,126
78,7900,127
79,8000,127
80,8100,127
81,8200,128
82,8300,131
83,8400,132
84,8500,132
85,8600,132
86,8700,132
87,8800,132
88,8900,132
89,9000,132
90,9100,132
91,9200,135
92,9300,135
93,9400,136
94,9500,136
95,9600,136
96,9700,136
97,9800,138
98,9900,139
99,10000,140
100,10100,143
101,10200,143
102,10300,143
103,10400,143
104,10500,143
105,10600,143
106,10700,143
107,10800,143
108,10900,144
109,11000,145
110,11100,145
111,11200,145
112,11300,145
113,11400,145
114,11500,146
115,11600,147
116,11700,149
117,11800,149
118,11900,149
119,12000,149
120,12100,149
121,12200,149
122,12300,150
123,12400,150
124,12500,151
125,12600,151
126,12700,152
127,12800,152
128,12900,152
129,13000,152
130,13100,152
131,13200,152
132,13300,152
133,13400,155
134,13500,156
135,13600,157
136,13700,157
137,13800,157
138,13900,157
139,14000,157
140,14100,157
141,14200,158
142,14300,159
143,14400,160
144,14500,161
145,14600,161
146,14700,163
147,14800,163
148,14900,163
149,15000,163
150,15100,163
151,15200,163
152,15300,163
153,15400,170
154,15500,170
155,15600,170
156,15700,170
157,15800,170
158,15900,170
159,16000,170
160,16100,171
161,16200,171
162,16300,171
163,16400,172
164,16500,172
165,16600,172
166,16700,172
167,16800,173
168,16900,173
169,17000,175
170,17100,175
171,17200,175
172,17300,175
173,17400,175
174,17500,176
175,17600,176
176,17700,176
177,17800,176
178,17900,176
179,18000,176
180,18100,177
181,18200,177
182,18300,177
183,18400,177
184,18500,177
185,18600,178
186,18700,178
187,18800,178
188,18900,178
189,19000,178
190,19100,178
191,19200,178
192,19300,178
193,19400,181
194,19500,181
195,19600,181
196,19700,181
197,19800,181
198,19900,181
199,20000,181
200,20100,181
201,20200,183
202,20300,183
203,20400,183
204,20500,183
205,20600,183
206,20700,184
207,20800,184
208,20900,184
209,21000,184
210,21100,184
211,21200,184
212,21300,184
213,21400,184
214,21500,184
215,21600,184
216,21700,187
217,21800,187
218,21900,187
219,22000,188
220,22100,188
221,22200,188
222,22300,188
223,22400,188
224,22500,188
225,22600,188
226,22700,188
227,22800,188
228,22900,188
229,23000,189
230,23100,190
231,23200,190
232,23300,191
233,23400,191
234,23500,192
235,23600,192
236,23700,192
237,23800,194
238,23900,194
239,24000,196
240,24100,196
241,24200,196
242,24300,196
243,24400,196
244,24500,197
245,24600,197
246,24700,197
247,24800,197
248,24900,197
249,25000,197
250,25100,197
251,25200,197
252,25300,199
253,25400,200
254,25500,200
255,25600,200
256,25700,200
257,25800,200
258,25900,200
259,26000,200
260,26100,200
261,26200,200
262,26300,201
263,26400,201
264,26500,201
265,26600,201
266,26700,203
267,26800,203
268,26900,203
269,27000,203
270,27100,203
271,27200,203
272,27300,203
273,27400,203
274,27500,204
275,27600,204
276,27700,204
277,27800,204
278,27900,204
279,28000,204
280,28100,204
281,28200,204
282,28300,206
283,28400,206
284,28500,206
285,28600,207
286,28700,207
287,28800,207
288,28900,207
289,29000,207
290,29100,207
291,29200,207
292,29300,207
293,29400,207
294,29500,209
295,29600,210
296,29700,212
297,29800,212
298,29900,212
299,30000,212
300,30100,212
301,30200,214
302,30300,214
303,30400,215
304,30500,216
305,30600,217
306,30700,217
307,30800,217
308,30900,217
309,31000,217
310,31100,217
311,31200,217
312,31300,217
313,31400,218
314,31500,218
315,31600,218
316,31700,218
317,31800,218
318,31900,218
319,32000,219
320,32100,219
321,32200,219
322,32300,219
323,32400,219
324,32500,219
325,32600,219
326,32700,219
327,32800,219
328,32900,219
329,33000,219
330,33100,219
331,33200,219
332,33300,219
333,33400,219
334,33500,219
335,33600,219
336,33700,219
337,33800,219
338,33900,222
339,34000,224
340,34100,225
341,34200,225
342,34300,226
343,34400,226
344,34500,226
345,34600,226
346,34700,226
347,34800,226
348,34900,226
349,35000,227
350,35100,227
351,35200,227
352,35300,227
353,35400,227
354,35500,227
355,35600,229
356,35700,229
357,35800,229
358,35900,229
359,36000,229
360,36100,229
361,36200,230
362,36300,230
363,36400,230
364,36500,230
365,36600,230
366,36700,232
367,36800,232
368,36900,232
369,37000,232
370,37100,232
371,37200,233
372,37300,233
373,37400,234
374,37500,234
375,37600,234
376,37700,234
377,37800,234
378,37900,234
379,38000,234
380,38100,234
381,38200,234
382,38300,234
383,38400,235
384,38500,235
385,38600,236
386,38700,236
387,38800,236
388,38900,236
389,39000,236
390,39100,236
391,39200,236
392,39300,236
393,39400,236
394,39500,236
395,39600,236
396,39700,236
397,39800,236
398,39900,236
399,40000,236
400,40100,236
401,40200,236
402,40300,236
403,40400,236
404,40500,236
405,40600,236
406,40700,236
407,40800,236
408,40900,236
409,41000,237
410,41100,237
411,41200,237
412,41300,240
413,41400,240
414,41500,240
415,41600,241
416,41700,241
417,41800,241
418,41900,241
419,42000,241
420,42100,241
421,42200,241
422,42300,241
423,42400,241
424,42500,241
425,42600,241
426,42700,241
427,42800,242
428,42900,243
429,43000,244
430,43100,244
431,43200,244
432,43300,244
433,43400,244
434,43500,244
435,43600,244
436,43700,244
437,43800,244
438,43900,246
439,44000,246
440,44100,246
441,44200,246
442,44300,246
443,44400,246
444,44500,246
445,44600,246
446,44700,246
447,44800,246
448,44900,246
449,45000,247
450,45100,247
451,45200,247
452,45300,247
453,45400,247
454,45500,247
455,45600,247
456,45700,247
457,45800,247
458,45900,247
459,46000,247
460,46100,247
461,46200,247
462,46300,247
463,46400,247
464,46500,247
465,46600,247
466,46700,247
467,46800,247
468,46900,247
469,47000,247
470,47100,247
471,47200,247
472,47300,247
473,47400,247
474,47500,247
475,47600,248
476,47700,248
477,47800,248
478,47900,248
479,48000,248
480,48100,249
481,48200,250
482,48300,250
483,48400,250
484,48500,250
485,48600,250
486,48700,250
487,48800,250
488,48900,251
489,49000,251
490,49100,251
491,49200,251
492,49300,251
493,49400,251
494,49500,252
495,49600,252
496,49700,252
497,49800,253
498,49900,253
499,50000,253
500,50100,253
501,50200,253
502,50300,253
503,50400,253
504,50500,253
505,50600,254
506,50700,254
507,50800,254
508,50900,254
509,51000,254
510,51100,254
511,51200,254
512,51300,254
513,51400,254
514,51500,254
515,51600,254
516,51700,255
517,51800,255
518,51900,255
519,52000,255
520,52100,255
521,52200,255
522,52300,255
523,52400,255
524,52500,255
525,52600,255
526,52700,255
527,52800,256
528,52900,256
529,53000,256
530,53100,256
531,53200,256
532,53300,256
533,53400,256
534,53500,256
535,53600,256
536,53700,256
537,53800,257
538,53900,257
539,54000,257
540,54100,257
541,54200,257
542,54300,257
543,54400,257
544,54500,258
545,54600,258
546,54700,258
547,54800,258
548,54900,258
549,55000,258
550,55100,258
551,55200,258
552,55300,258
553,55400,258
554,55500,258
555,55600,258
556,55700,258
557,55800,258
558,55900,259
559,56000,259
560,56100,259
561,56200,259
562,56300,259
563,56400,259
564,56500,259
565,56600,260
566,56700,260
567,56800,260
568,56900,260
569,57000,261
570,57100,261
571,57200,261
572,57300,261
573,57400,261
574,57500,261
575,57600,261
576,57700,261
577,57800,261
578,57900,261
579,58000,261
580,58100,261
581,58200,261
582,58300,261
583,58400,261
584,58500,262
585,58600,262
586,58700,262
587,58800,262
588,58900,262
589,59000,263
590,59100,263
591,59200,263
592,59300,263
593,59400,263
594,59500,265
595,59600,265
596,59700,265
597,59800,265
598,59900,265
599,60000,265
600,60100,265
601,60200,265
602,60300,265
603,60400,265
604,60500,265
605,60600,265
606,60700,265
607,60800,265
608,60900,265
609,61000,265
610,61100,265
611,61200,265
612,61300,265
613,61400,265
614,61500,265
615,61600,265
616,61700,265
617,61800,265
618,61900,266
619,62000,266
620,62100,266
621,62200,266
622,62300,266
623,62400,266
624,62500,266
625,62600,266
626,62700,266
627,62800,266
628,62900,267
629,63000,267
630,63100,267
631,63200,267
632,63300,267
633,63400,267
634,63500,267
635,63600,267
636,63700,267
637,63800,267
638,63900,267
639,64000,267
640,64100,267
641,64200,267
642,64300,267
643,64400,267
644,64500,267
645,64600,267
646,64700,267
647,64800,267
648,64900,267
649,65000,267
650,65100,267
651,65200,267
652,65300,268
653,65400,268
654,65500,268
655,65600,268
656,65700,268
657,65800,268
658,65900,268
659,66000,269
660,66100,270
661,66200,271
662,66300,271
663,66400,271
664,66500,271
665,66600,271
666,66700,271
667,66800,271
668,66900,271
669,67000,271
670,67100,271
671,67200,271
672,67300,271
673,67400,271
674,67500,271
675,67600,271
676,67700,271
677,67800,271
678,67900,271
679,68000,271
680,68100,271
681,68200,271
682,68300,271
683,68400,272
684,68500,272
685,68600,272
686,68700,272
687,68800,272
688,68900,272
689,69000,272
690,69100,272
691,69200,273
692,69300,273
693,69400,274
694,69500,274
695,69600,274
696,69700,274
697,69800,274
698,69900,274
699,70000,274
700,70100,274
701,70200,274
702,70300,274
703,70400,275
704,70500,275
705,70600,276
706,70700,276
707,70800,276
708,70900,276
709,71000,277
710,71100,277
711,71200,277
712,71300,277
713,71400,277
714,71500,277
715,71600,277
716,71700,277
717,71800,277
718,71900,278
719,72000,278
720,72100,280
721,72200,280
722,72300,280
723,72400,280
724,72500,280
725,72600,280
726,72700,280
727,72800,280
728,72900,280
729,73000,280
730,73100,280
731,73200,280
732,73300,280
733,73400,280
734,73500,280
735,73600,280
736,73700,281
737,73800,281
738,73900,281
739,74000,281
740,74100,281
741,74200,281
742,74300,281
743,74400,281
744,74500,281
745,74600,281
746,74700,281
747,74800,281
748,74900,281
749,75000,281
750,75100,281
751,75200,281
752,75300,281
753,75400,281
754,75500,281
755,75600,281
756,75700,281
757,75800,281
758,75900,281
759,76000,281
760,76100,281
761,76200,281
762,76300,282
763,76400,282
764,76500,283
765,76600,283
766,76700,285
767,76800,285
768,76900,285
769,77000,285
770,77100,286
771,77200,287
772,77300,287
773,77400,288
774,77500,288
775,77600,288
776,77700,288
777,77800,288
778,77900,288
779,78000,288
780,78100,288
781,78200,288
782,78300,288
783,78400,288
784,78500,288
785,78600,289
786,78700,289
787,78800,289
788,78900,289
789,79000,289
790,79100,289
791,79200,289
792,79300,289
793,79400,289
794,79500,291
795,79600,291
796,79700,291
797,79800,291
798,79900,291
799,80000,291
800,80100,291
801,80200,291
802,80300,291
803,80400,291
804,80500,291
805,80600,291
806,80700,291
807,80800,291
808,80900,291
809,81000,291
810,81100,291
811,81200,291
812,81300,291
813,81400,291
814,81500,291
815,81600,291
816,81700,291
817,81800,291
818,81900,291
819,82000,291
820,82100,291
821,82200,291
822,82300,291
823,82400,291
824,82500,291
825,82600,291
826,82700,291
827,82800,291
828,82900,291
829,83000,291
830,83100,291
831,83200,291
832,83300,291
833,83400,291
834,83500,291
835,83600,291
836,83700,291
837,83800,291
838,83900,291
839,84000,291
840,84100,291
841,84200,291
842,84300,291
843,84400,291
844,84500,291
845,84600,291
846,84700,291
847,84800,291
848,84900,291
849,85000,291
850,85100,291
851,85200,291
852,85300,291
853,85400,291
854,85500,291
855,85600,291
856,85700,292
857,85800,292
858,85900,292
859,86000,292
860,86100,292
861,86200,292
862,86300,292
863,86400,292
864,86500,292
865,86600,293
866,86700,293
867,86800,293
868,86900,293
869,87000,293
870,87100,293
871,87200,293
872,87300,293
873,87400,293
874,87500,293
875,87600,293
876,87700,294
877,87800,294
878,87900,294
879,88000,294
880,88100,294
881,88200,296
882,88300,296
883,88400,296
884,88500,296
885,88600,296
886,88700,296
887,88800,296
888,88900,296
889,89000,296
890,89100,296
891,89200,296
892,89300,296
893,89400,296
894,89500,297
895,89600,297
896,89700,297
897,89800,297
898,89900,297
899,90000,297
900,90100,297
901,90200,297
902,90300,297
903,90400,297
904,90500,297
905,90600,297
906,90700,297
907,90800,297
908,90900,297
909,91000,297
910,91100,297
911,91200,297
912,91300,297
913,91400,297
914,91500,297
915,91600,297
916,91700,298
917,91800,298
918,91900,298
919,92000,298
920,92100,298
921,92200,298
922,92300,298
923,92400,298
924,92500,298
925,92600,298
926,92700,298
927,92800,298
928,92900,298
929,93000,298
930,93100,298
931,93200,298
932,93300,298
933,93400,298
934,93500,298
935,93600,298
936,93700,298
937,93800,298
938,93900,299
939,94000,299
940,94100,299
941,94200,299
942,94300,299
943,94400,299
944,94500,299
945,94600,299
946,94700,299
947,94800,300
948,94900,300
949,95000,300
950,95100,300
951,95200,300
952,95300,300
953,95400,300
954,95500,300
955,95600,300
956,95700,300
957,95800,300
958,95900,300
959,96000,300
960,96100,300
961,96200,300
962,96300,300
963,96400,300
964,96500,300
965,96600,300
966,96700,300
967,96800,300
968,96900,301
969,97000,301
970,97100,301
971,97200,302
972,97300,302
973,97400,303
974,97500,303
975,97600,303
976,97700,303
977,97800,304
978,97900,304
979,98000,304
980,98100,304
981,98200,304
982,98300,304
983,98400,304
984,98500,304
985,98600,304
986,98700,304
987,98800,304
988,98900,304
989,99000,304
990,99100,304
991,99200,304
992,99300,304
993,99400,304
994,99500,304
995,99600,304
996,99700,304
997,99800,304
998,99900,304
999,100000,304
1000,100100,304
1001,100200,304
1002,100300,304
1003,100400,304
1004,100500,304
1005,100600,304
1006,100700,304
1007,100800,304
1008,100900,304
1009,101000,304
1010,101100,304
1011,101200,304
1012,101300,304
1013,101400,304
1014,101500,304
1015,101600,304
1016,101700,304
1017,101800,304
1018,101900,304
1019,102000,304
1020,102100,304
1021,102200,304
1022,102300,305
1023,102400,305
1024,102500,305
1025,102600,305
1026,102700,305
1027,102800,305
1028,102900,305
1029,103000,305
1030,103100,305
1031,103200,305
1032,103300,305
1033,103400,305
1034,103500,305
1035,103600,305
1036,103700,305
1037,103800,305
1038,103900,306
1039,104000,306
1040,104100,306
1041,104200,306
1042,104300,308
1043,104400,308
1044,104500,308
1045,104600,308
1046,104700,308
1047,104800,308
1048,104900,308
1049,105000,308
1050,105100,308
1051,105200,308
1052,105300,308
1053,105400,308
1054,105500,308
1055,105600,308
1056,105700,308
1057,105800,308
1058,105900,308
1059,106000,308
1060,106100,308
1061,106200,308
1062,106300,308
1063,106400,308
1064,106500,308
1065,106600,308
1066,106700,308
1067,106800,308
1068,106900,309
1069,107000,309
1070,107100,309
1071,107200,309
1072,107300,309
1073,107400,309
1074,107500,309
1075,107600,309
1076,107700,309
1077,107800,309
1078,107900,309
1079,108000,309
1080,108100,309
1081,108200,309
1082,108300,309
1083,108400,309
1084,108500,309
1085,108600,309
1086,108700,309
1087,108800,309
1088,108900,309
1089,109000,309
1090,109100,309
1091,109200,309
1092,109300,309
1093,109400,309
1094,109500,310
1095,109600,310
1096,109700,310
1097,109800,310
1098,109900,310
1099,110000,310
1100,110100,313
1101,110200,313
1102,110300,313
1103,110400,313
1104,110500,313
1105,110600,313
1106,110700,314
1107,110800,314
1108,110900,314
1109,111000,314
1110,111100,314
1111,111200,315
1112,111300,315
1113,111400,315
1114,111500,317
1115,111600,318
1116,111700,318
1117,111800,318
1118,111900,319
1119,112000,319
1120,112100,319
1121,112200,319
1122,112300,319
1123,112400,319
1124,112500,319
1125,112600,319
1126,112700,319
1127,112800,319
1128,112900,319
1129,113000,320
1130,113100,321
1131,113200,321
1132,113300,322
1133,113400,322
1134,113500,322
1135,113600,322
1136,113700,322
1137,113800,322
1138,113900,322
1139,114000,322
1140,114100,324
1141,114200,324
1142,114300,324
1143,114400,324
1144,114500,324
1145,114600,324
1146,114700,324
1147,114800,324
1148,114900,324
1149,115000,324
1150,115100,325
1151,115200,325
1152,115300,325
1153,115400,325
1154,115500,325
1155,115600,325
1156,115700,326
1157,115800,326
1158,115900,326
1159,116000,326
1160,116100,326
1161,116200,326
1162,116300,326
1163,116400,326
1164,116500,326
1165,116600,326
1166,116700,326
1167,116800,326
1168,116900,327
1169,117000,327
1170,117100,327
1171,117200,327
1172,117300,327
1173,117400,327
1174,117500,327
1175,117600,327
1176,117700,327
1177,117800,327
1178,117900,327
1179,118000,327
1180,118100,327
1181,118200,327
1182,118300,327
1183,118400,327
1184,118500,327
1185,118600,327
1186,118700,327
1187,118800,327
1188,118900,328
1189,119000,328
1190,119100,329
1191,119200,329
1192,119300,329
1193,119400,329
1194,119500,329
1195,119600,329
1196,119700,329
1197,119800,329
1198,119900,329
1199,120000,329
1200,120100,329
1201,120200,329
1202,120300,329
1203,120400,329
1204,120500,329
1205,120600,329
1206,120700,329
1207,120800,329
1208,120900,329
1209,121000,329
1210,121100,329
1211,121200,329
1212,121300,329
1213,121400,329
1214,121500,330
1215,121600,330
1216,121700,330
1217,121800,330
1218,121900,330
1219,122000,330
1220,122100,330
1221,122200,330
1222,122300,330
1223,122400,330
1224,122500,330
1225,122600,330
1226,122700,331
1227,122800,331
1228,122900,331
1229,123000,331
1230,123100,331
1231,123200,331
1232,123300,331
1233,123400,331
1234,123500,331
1235,123600,331
1236,123700,331
1237,123800,331
1238,123900,331
1239,124000,331
1240,124100,331
1241,124200,331
1242,124300,331
1243,124400,332
1244,124500,332
1245,124600,332
1246,124700,332
1247,124800,332
1248,124900,332
1249,125000,332
1250,125100,332
1251,125200,333
1252,125300,333
1253,125400,333
1254,125500,333
1255,125600,333
1256,125700,333
1257,125800,333
1258,125900,333
1259,126000,333
1260,126100,333
1261,126200,333
1262,126300,333
1263,126400,333
1264,126500,333
1265,126600,333
1266,126700,333
1267,126800,333
1268,126900,333
1269,127000,333
1270,127100,333
1271,127200,333
1272,127300,333
1273,127400,334
1274,127500,334
1275,127600,334
1276,127700,334
1277,127800,334
1278,127900,335
1279,128000,335
1280,128100,335
1281,128200,335
1282,128300,335
1283,128400,335
1284,128500,335
1285,128600,335
1286,128700,335
1287,128800,335
1288,128900,335
1289,129000,335
1290,129100,335
1291,129200,336
1292,129300,336
1293,129400,336
1294,129500,336
1295,129600,336
1296,129700,337
1297,129800,337
1298,129900,337
1299,130000,337
1300,130100,337
1301,130200,337
1302,130300,337
1303,130400,337
1304,130500,337
1305,130600,337
1306,130700,337
1307,130800,337
1308,130900,337
1309,131000,337
1310,131100,337
1311,131200,337
1312,131300,337
1313,131400,337
1314,131500,337
1315,131600,337
1316,131700,337
1317,131800,337
1318,131900,337
1319,132000,337
1320,132100,337
1321,132200,337
1322,132300,337
1323,132400,337
1324,132500,337
1325,132600,337
1326,132700,337
1327,132800,337
1328,132900,337
1329,133000,337
1330,133100,337
1331,133200,337
1332,133300,337
1333,133400,337
1334,133500,337
1335,133600,337
1336,133700,337
1337,133800,337
1338,133900,337
1339,134000,337
1340,134100,337
1341,134200,337
1342,134300,337
1343,134400,337
1344,134500,337
1345,134600,337
1346,134700,337
1347,134800,337
1348,134900,337
1349,135000,337
1350,135100,337
1351,135200,337
1352,135300,337
1353,135400,337
1354,135500,337
1355,135600,337
1356,135700,337
1357,135800,337
1358,135900,337
1359,136000,337
1360,136100,337
1361,136200,337
1362,136300,338
1363,136400,338
1364,136500,338
1365,136600,338
1366,136700,338
1367,136800,338
1368,136900,338
1369,137000,338
1370,137100,338
1371,137200,338
1372,137300,338
1373,137400,338
1374,137500,338
1375,137600,338
1376,137700,338
1377,137800,338
1378,137900,338
1379,138000,338
1380,138100,338
1381,138200,338
1382,138300,338
1383,138400,338
1384,138500,338
1385,138600,338
1386,138700,338
1387,138800,338
1388,138900,338
1389,139000,338
1390,139100,338
1391,139200,338
1392,139300,338
1393,139400,338
1394,139500,338
1395,139600,338
1396,139700,338
1397,139800,338
1398,139900,338
1399,140000,339
1400,140100,339
1401,140200,340
1402,140300,340
1403,140400,340
1404,140500,340
1405,140600,341
1406,140700,341
1407,140800,341
1408,140900,341
1409,141000,341
1410,141100,341
1411,141200,341
1412,141300,341
1413,141400,344
1414,141500,344
1415,141600,344
1416,141700,344
1417,141800,344
1418,141900,344
1419,142000,344
1420,142100,344
1421,142200,344
1422,142300,344
1423,142400,344
1424,142500,344
1425,142600,344
1426,142700,344
1427,142800,344
1428,142900,344
1429,143000,344
1430,143100,344
1431,143200,344
1432,143300,344
1433,143400,344
1434,143500,344
1435,143600,344
1436,143700,344
1437,143800,344
1438,143900,344
1439,144000,344
1440,144100,344
1441,144200,344
1442,144300,344
1443,144400,344
1444,144500,344
1445,144600,344
1446,144700,344
1447,144800,344
1448,144900,344
1449,145000,344
1450,145100,344
1451,145200,344
1452,145300,344
1453,145400,344
1454,145500,344
1455,145600,344
1456,145700,344
1457,145800,344
1458,145900,344
1459,146000,344
1460,146100,345
1461,146200,345
1462,146300,345
1463,146400,345
1464,146500,345
1465,146600,345
1466,146700,345
1467,146800,345
1468,146900,345
1469,147000,345
1470,147100,345
1471,147200,345
1472,147300,345
1473,147400,345
1474,147500,345
1475,147600,345
1476,147700,345
1477,147800,345
1478,147900,345
1479,148000,345
1480,148100,345
1481,148200,345
1482,148300,345
1483,148400,345
1484,148500,345
1485,148600,345
1486,148700,345
1487,148800,345
1488,148900,345
1489,149000,345
1490,149100,345
1491,149200,345
1492,149300,345
1493,149400,345
1494,149500,345
1495,149600,345
1496,149700,345
1497,149800,345
1498,149900,345
1499,150000,345
1500,150100,345
1501,150200,345
1502,150300,345
1503,150400,345
1504,150500,345
1505,150600,345
1506,150700,345
1507,150800,345
1508,150900,345
1509,151000,345
1510,151100,345
1511,151200,345
1512,151300,345
1513,151400,345
1514,151500,345
1515,151600,345
1516,151700,345
1517,151800,345
1518,151900,345
1519,152000,345
1520,152100,345
1521,152200,345
1522,152300,345
1523,152400,345
1524,152500,345
1525,152600,345
1526,152700,345
1527,152800,345
1528,152900,345
1529,153000,345
1530,153100,345
1531,153200,345
1532,153300,345
1533,153400,345
1534,153500,345
1535,153600,345
1536,153700,345
1537,153800,345
1538,153900,346
1539,154000,346
1540,154100,347
1541,154200,347
1542,154300,347
1543,154400,347
1544,154500,347
1545,154600,347
1546,154700,347
1547,154800,347
1548,154900,347
1549,155000,347
1550,155100,347
1551,155200,347
1552,155300,347
1553,155400,347
1554,155500,347
1555,155600,347
1556,155700,347
1557,155800,347
1558,155900,347
1559,156000,347
1560,156100,347
1561,156200,348
1562,156300,348
1563,156400,348
1564,156500,348
1565,156600,348
1566,156700,348
1567,156800,351
1568,156900,351
1569,157000,351
1570,157100,351
1571,157200,351
1572,157300,351
1573,157400,351
1574,157500,351
1575,157600,351
1576,157700,351
1577,157800,351
1578,157900,351
1579,158000,351
1580,158100,351
1581,158200,351
1582,158300,351
1583,158400,351
1584,158500,351
1585,158600,351
1586,158700,351
1587,158800,351
1588,158900,351
1589,159000,351
1590,159100,351
1591,159200,351
1592,159300,351
1593,159400,351
1594,159500,351
1595,159600,351
1596,159700,351
1597,159800,351
1598,159900,351
1599,160000,351
1600,160100,351
1601,160200,352
1602,160300,352
1603,160400,352
1604,160500,352
1605,160600,352
1606,160700,352
1607,160800,352
1608,160900,352
1609,161000,352
1610,161100,352
1611,161200,352
1612,161300,352
1613,161400,352
1614,161500,352
1615,161600,352
1616,161700,352
1617,161800,352
1618,161900,352
1619,162000,352
1620,162100,352
1621,162200,352
1622,162300,352
1623,162400,352
1624,162500,352
1625,162600,352
1626,162700,352
1627,162800,352
1628,162900,352
1629,163000,352
1630,163100,352
1631,163200,352
1632,163300,352
1633,163400,352
1634,163500,352
1635,163600,352
1636,163700,352
1637,163800,352
1638,163900,352
1639,164000,352
1640,164100,352
1641,164200,352
1642,164300,352
1643,164400,352
1644,164500,352
1645,164600,352
1646,164700,354
1647,164800,354
1648,164900,354
1649,165000,354
1650,165100,354
1651,165200,354
1652,165300,354
1653,165400,354
1654,165500,354
1655,165600,354
1656,165700,354
1657,165800,354
1658,165900,354
1659,166000,354
1660,166100,354
1661,166200,354
1662,166300,354
1663,166400,354
1664,166500,354
1665,166600,354
1666,166700,354
1667,166800,354
1668,166900,354
1669,167000,354
1670,167100,354
1671,167200,354
1672,167300,354
1673,167400,354
1674,167500,354
1675,167600,354
1676,167700,354
1677,167800,354
1678,167900,354
1679,168000,354
1680,168100,354
1681,168200,354
1682,168300,354
1683,168400,354
1684,168500,354
1685,168600,354
1686,168700,354
1687,168800,354
1688,168900,354
1689,169000,354
1690,169100,354
1691,169200,354
1692,169300,354
1693,169400,354
1694,169500,354
1695,169600,354
1696,169700,354
1697,169800,354
1698,169900,354
1699,170000,354
1700,170100,354
1701,170200,354
1702,170300,354
1703,170400,354
1704,170500,354
1705,170600,354
1706,170700,354
1707,170800,354
1708,170900,354
1709,171000,354
1710,171100,354
1711,171200,354
1712,171300,354
1713,171400,354
1714,171500,354
1715,171600,354
1716,171700,354
1717,171800,354
1718,171900,354
1719,172000,354
1720,172100,354
1721,172200,354
1722,172300,354
1723,172400,354
1724,172500,354
1725,172600,354
1726,172700,354
1727,172800,354
1728,172900,354
1729,173000,354
1730,173100,354
1731,173200,354
1732,173300,354
1733,173400,354
1734,173500,354
1735,173600,354
1736,173700,354
1737,173800,354
1738,173900,354
1739,174000,354
1740,174100,354
1741,174200,354
1742,174300,354
1743,174400,354
1744,174500,354
1745,174600,354
1746,174700,354
1747,174800,354
1748,174900,354
1749,175000,354
1750,175100,354
1751,175200,354
1752,175300,354
1753,175400,354
1754,175500,354
1755,175600,354
1756,175700,355
1757,175800,355
1758,175900,356
1759,176000,356
1760,176100,356
1761,176200,356
1762,176300,356
1763,176400,357
1764,176500,357
1765,176600,357
1766,176700,357
1767,176800,357
1768,176900,357
1769,177000,357
1770,177100,357
1771,177200,358
1772,177300,358
1773,177400,358
1774,177500,358
1775,177600,358
1776,177700,358
1777,177800,358
1778,177900,358
1779,178000,358
1780,178100,359
1781,178200,359
1782,178300,359
1783,178400,359
1784,178500,359
1785,178600,359
1786,178700,359
1787,178800,359
1788,178900,359
1789,179000,359
1790,179100,359
1791,179200,359
1792,179300,359
1793,179400,359
1794,179500,359
1795,179600,359
1796,179700,359
1797,179800,359
1798,179900,359
1799,180000,359
1800,180100,359
1801,180200,360
1802,180300,360
1803,180400,360
1804,180500,360
1805,180600,360
1806,180700,360
1807,180800,360
1808,180900,360
1809,181000,360
1810,181100,360
1811,181200,360
1812,181300,360
1813,181400,360
1814,181500,360
1815,181600,360
1816,181700,360
1817,181800,360
1818,181900,360
1819,182000,360
1820,182100,360
1821,182200,360
1822,182300,360
1823,182400,360
1824,182500,360
1825,182600,360
1826,182700,360
1827,182800,360
1828,182900,360
1829,183000,361
1830,183100,361
1831,183200,361
1832,183300,361
1833,183400,361
1834,183500,361
1835,183600,361
1836,183700,361
1837,183800,361
1838,183900,361
1839,184000,361
1840,184100,361
1841,184200,362
1842,184300,362
1843,184400,362
1844,184500,362
1845,184600,362
1846,184700,362
1847,184800,362
1848,184900,362
1849,185000,362
1850,185100,362
1851,185200,362
1852,185300,362
1853,185400,362
1854,185500,362
1855,185600,362
1856,185700,362
1857,185800,362
1858,185900,362
1859,186000,362
1860,186100,362
1861,186200,362
1862,186300,362
1863,186400,362
1864,186500,364
1865,186600,364
1866,186700,364
1867,186800,364
1868,186900,364
1869,187000,364
1870,187100,364
1871,187200,364
1872,187300,364
1873,187400,364
1874,187500,364
1875,187600,364
1876,187700,364
1877,187800,364
1878,187900,364
1879,188000,364
1880,188100,364
1881,188200,364
1882,188300,364
1883,188400,364
1884,188500,364
1885,188600,364
1886,188700,364
1887,188800,364
1888,188900,364
1889,189000,364
1890,189100,364
1891,189200,364
1892,189300,364
1893,189400,364
1894,189500,364
1895,189600,364
1896,189700,364
1897,189800,364
1898,189900,364
1899,190000,364
1900,190100,364
1901,190200,364
1902,190300,364
1903,190400,364
1904,190500,364
1905,190600,364
1906,190700,364
1907,190800,364
1908,190900,364
1909,191000,364
1910,191100,364
1911,191200,364
1912,191300,364
1913,191400,364
1914,191500,364
1915,191600,364
1916,191700,364
1917,191800,364
1918,191900,364
1919,192000,364
1920,192100,364
1921,192200,364
1922,192300,364
1923,192400,364
1924,192500,364
1925,192600,364
1926,192700,364
1927,192800,364
1928,192900,364
1929,193000,364
1930,193100,364
1931,193200,364
1932,193300,364
1933,193400,364
1934,193500,364
1935,193600,364
1936,193700,364
1937,193800,365
1938,193900,365
1939,194000,365
1940,194100,366
1941,194200,366
1942,194300,366
1943,194400,366
1944,194500,366
1945,194600,366
1946,194700,366
1947,194800,366
1948,194900,366
1949,195000,366
1950,195100,366
1951,195200,366
1952,195300,366
1953,195400,366
1954,195500,366
1955,195600,366
1956,195700,366
1957,195800,366
1958,195900,366
1959,196000,366
1960,196100,366
1961,196200,366
1962,196300,366
1963,196400,366
1964,196500,366
1965,196600,366
1966,196700,366
1967,196800,366
1968,196900,366
1969,197000,366
1970,197100,366
1971,197200,366
1972,197300,366
1973,197400,366
1974,197500,366
1975,197600,366
1976,197700,366
1977,197800,366
1978,197900,366
1979,198000,366
1980,198100,366
1981,198200,366
1982,198300,366
1983,198400,366
1984,198500,366
1985,198600,366
1986,198700,366
1987,198800,366
1988,198900,366
1989,199000,366
1990,199100,366
1991,199200,366
1992,199300,366
1993,199400,366
1994,199500,366
1995,199600,366
1996,199700,366
1997,199800,366
1998,199900,366
1999,200000,367
2000,200100,367
2001,200200,368
2002,200300,368
2003,200400,368
2004,200500,368
2005,200600,368
2006,200700,368
2007,200800,368
2008,200900,368
2009,201000,368
2010,201100,368
2011,201200,368
2012,201300,368
2013,201400,368
2014,201500,369
2015,201600,369
2016,201700,369
2017,201800,369
2018,201900,369
2019,202000,369
2020,202100,369
2021,202200,369
2022,202300,369
2023,202400,369
2024,202500,369
2025,202600,369
2026,202700,369
2027,202800,369
2028,202900,369
2029,203000,369
2030,203100,369
2031,203200,369
2032,203300,369
2033,203400,369
2034,203500,369
2035,203600,369
2036,203700,369
2037,203800,369
2038,203900,369
2039,204000,369
2040,204100,369
2041,204200,369
2042,204300,369
2043,204400,369
2044,204500,369
2045,204600,369
2046,204700,369
2047,204800,369
2048,204900,369
2049,205000,369
2050,205100,369
2051,205200,369
2052,205300,369
2053,205400,369
2054,205500,369
2055,205600,369
2056,205700,369
2057,205800,369
2058,205900,369
2059,206000,369
2060,206100,369
2061,206200,369
2062,206300,369
2063,206400,369
2064,206500,369
2065,206600,369
2066,206700,369
2067,206800,371
2068,206900,371
2069,207000,371
2070,207100,371
2071,207200,372
2072,207300,372
2073,207400,372
2074,207500,372
2075,207600,372
2076,207700,372
2077,207800,372
2078,207900,372
2079,208000,372
2080,208100,372
2081,208200,372
2082,208300,372
2083,208400,372
2084,208500,372
2085,208600,372
2086,208700,372
2087,208800,372
2088,208900,372
2089,209000,372
2090,209100,372
2091,209200,373
2092,209300,373
2093,209400,373
2094,209500,373
2095,209600,373
2096,209700,373
2097,209800,373
2098,209900,373
2099,210000,373
2100,210100,374
2101,210200,374
2102,210300,374
2103,210400,374
2104,210500,374
2105,210600,374
2106,210700,374
2107,210800,374
2108,210900,374
2109,211000,374
2110,211100,374
2111,211200,374
2112,211300,374
2113,211400,374
2114,211500,374
2115,211600,374
2116,211700,374
2117,211800,374
2118,211900,374
2119,212000,374
2120,212100,374
2121,212200,374
2122,212300,374
2123,212400,374
2124,212500,374
2125,212600,374
2126,212700,374
2127,212800,374
2128,212900,374
2129,213000,374
2130,213100,374
2131,213200,374
2132,213300,374
2133,213400,374
2134,213500,374
2135,213600,374
2136,213700,374
2137,213800,374
2138,213900,374
2139,214000,374
2140,214100,374
2141,214200,374
2142,214300,375
2143,214400,375
2144,214500,375
2145,214600,375
2146,214700,375
2147,214800,375
2148,214900,375
2149,215000,375
2150,215100,375
2151,215200,375
2152,215300,375
2153,215400,375
2154,215500,375
2155,215600,375
2156,215700,375
2157,215800,375
2158,215900,375
2159,216000,375
2160,216100,375
2161,216200,377
2162,216300,377
2163,216400,377
2164,216500,377
2165,216600,377
2166,216700,377
2167,216800,377
2168,216900,377
2169,217000,377
2170,217100,377
2171,217200,377
2172,217300,377
2173,217400,377
2174,217500,377
2175,217600,377
2176,217700,377
2177,217800,377
2178,217900,377
2179,218000,377
2180,218100,377
2181,218200,377
2182,218300,377
2183,218400,377
2184,218500,377
2185,218600,377
2186,218700,377
2187,218800,377
2188,218900,377
2189,219000,377
2190,219100,377
2191,219200,377
2192,219300,377
2193,219400,377
2194,219500,377
2195,219600,377
2196,219700,377
2197,219800,377
2198,219900,377
2199,220000,377
2200,220100,377
2201,220200,377
2202,220300,377
2203,220400,377
2204,220500,377
2205,220600,377
2206,220700,377
2207,220800,377
2208,220900,377
2209,221000,377
2210,221100,377
2211,221200,377
2212,221300,377
2213,221400,377
2214,221500,377
2215,221600,377
2216,221700,377
2217,221800,377
2218,221900,377
2219,222000,377
2220,222100,377
2221,222200,377
2222,222300,377
2223,222400,377
2224,222500,377
2225,222600,377
2226,222700,377
2227,222800,377
2228,222900,377
2229,223000,377
2230,223100,377
2231,223200,377
2232,223300,377
2233,223400,377
2234,223500,377
2235,223600,377
2236,223700,377
2237,223800,377
2238,223900,377
2239,224000,377
2240,224100,377
2241,224200,377
2242,224300,377
2243,224400,377
2244,224500,377
2245,224600,377
2246,224700,377
2247,224800,377
2248,224900,377
2249,225000,377
2250,225100,377
2251,225200,377
2252,225300,377
2253,225400,377
2254,225500,377
2255,225600,377
2256,225700,377
2257,225800,377
2258,225900,377
2259,226000,377
2260,226100,377
2261,226200,377
2262,226300,377
2263,226400,377
2264,226500,377
2265,226600,377
2266,226700,377
2267,226800,377
2268,226900,377
2269,227000,377
2270,227100,377
2271,227200,377
2272,227300,377
2273,227400,377
2274,227500,377
2275,227600,377
2276,227700,377
2277,227800,377
2278,227900,377
2279,228000,377
2280,228100,377
2281,228200,377
2282,228300,377
2283,228400,378
2284,228500,378
2285,228600,378
2286,228700,378
2287,228800,378
2288,228900,378
2289,229000,378
2290,229100,378
2291,229200,378
2292,229300,378
2293,229400,378
2294,229500,378
2295,229600,378
2296,229700,378
2297,229800,378
2298,229900,378
2299,230000,378
2300,230100,378
2301,230200,378
2302,230300,378
2303,230400,378
2304,230500,378
2305,230600,378
2306,230700,378
2307,230800,378
2308,230900,378
2309,231000,378
2310,231100,378
2311,231200,378
2312,231300,378
2313,231400,378
2314,231500,378
2315,231600,378
2316,231700,378
2317,231800,378
2318,231900,378
2319,232000,378
2320,232100,378
2321,232200,378
2322,232300,379
2323,232400,379
2324,232500,379
2325,232600,379
2326,232700,379
2327,232800,379
2328,232900,379
2329,233000,379
2330,233100,380
2331,233200,380
2332,233300,380
2333,233400,380
2334,233500,380
2335,233600,380
2336,233700,380
2337,233800,380
2338,233900,380
2339,234000,380
2340,234100,380
2341,234200,380
2342,234300,380
2343,234400,380
2344,234500,380
2345,234600,380
2346,234700,380
2347,234800,380
2348,234900,380
2349,235000,381
2350,235100,381
2351,235200,381
2352,235300,381
2353,235400,381
2354,235500,381
2355,235600,381
2356,235700,381
2357,235800,381
2358,235900,381
2359,236000,381
2360,236100,381
2361,236200,381
2362,236300,381
2363,236400,381
2364,236500,381
2365,236600,381
2366,236700,381
2367,236800,381
2368,236900,381
2369,237000,381
2370,237100,381
2371,237200,381
2372,237300,381
2373,237400,381
2374,237500,382
2375,237600,382
2376,237700,382
2377,237800,382
2378,237900,382
2379,238000,382
2380,238100,382
2381,238200,382
2382,238300,382
2383,238400,382
2384,238500,382
2385,238600,382
2386,238700,382
2387,238800,382
2388,238900,382
2389,239000,382
2390,239100,382
2391,239200,382
2392,239300,382
2393,239400,382
2394,239500,382
2395,239600,382
2396,239700,382
2397,239800,382
2398,239900,382
2399,240000,382
2400,240100,383
2401,240200,383
2402,240300,383
2403,240400,384
2404,240500,384
2405,240600,384
2406,240700,384
2407,240800,384
2408,240900,384
2409,241000,384
2410,241100,384
2411,241200,384
2412,241300,384
2413,241400,384
2414,241500,384
2415,241600,384
2416,241700,384
2417,241800,384
2418,241900,384
2419,242000,384
2420,242100,384
2421,242200,384
2422,242300,384
2423,242400,384
2424,242500,384
2425,242600,384
2426,242700,384
2427,242800,384
2428,242900,384
2429,243000,384
2430,243100,386
2431,243200,386
2432,243300,386
2433,243400,386
2434,243500,386
2435,243600,387
2436,243700,387
2437,243800,387
2438,243900,387
2439,244000,387
2440,244100,387
2441,244200,387
2442,244300,387
2443,244400,387
2444,244500,387
2445,244600,387
2446,244700,387
2447,244800,387
2448,244900,387
2449,245000,387
2450,245100,387
2451,245200,387
2452,245300,387
2453,245400,387
2454,245500,387
2455,245600,387
2456,245700,387
2457,245800,387
2458,245900,387
2459,246000,387
2460,246100,387
2461,246200,387
2462,246300,387
2463,246400,387
2464,246500,387
2465,246600,387
2466,246700,387
2467,246800,387
2468,246900,387
2469,247000,387
2470,247100,387
2471,247200,387
2472,247300,387
2473,247400,387
2474,247500,387
2475,247600,387
2476,247700,387
2477,247800,387
2478,247900,387
2479,248000,387
2480,248100,387
2481,248200,387
2482,248300,387
2483,248400,388
2484,248500,388
2485,248600,388
2486,248700,388
2487,248800,388
2488,248900,388
2489,249000,388
2490,249100,388
2491,249200,388
2492,249300,389
2493,249400,389
2494,249500,389
2495,249600,389
2496,249700,389
2497,249800,389
2498,249900,389
2499,250000,389
2500,250100,389
2501,250200,389
2502,250300,389
2503,250400,389
2504,250500,389
2505,250600,389
2506,250700,389
2507,250800,389
2508,250900,389
2509,251000,389
2510,251100,389
2511,251200,389
2512,251300,389
2513,251400,389
2514,251500,389
2515,251600,389
2516,251700,389
2517,251800,389
2518,251900,389
2519,252000,392
2520,252100,392
2521,252200,392
2522,252300,392
2523,252400,392
2524,252500,392
2525,252600,392
2526,252700,392
2527,252800,392
2528,252900,392
2529,253000,393
2530,253100,393
2531,253200,393
2532,253300,393
2533,253400,393
2534,253500,393
2535,253600,393
2536,253700,393
2537,253800,393
2538,253900,393
2539,254000,393
2540,254100,393
2541,254200,393
2542,254300,393
2543,254400,393
2544,254500,393
2545,254600,393
2546,254700,393
2547,254800,393
2548,254900,393
2549,255000,393
2550,255100,393
2551,255200,393
2552,255300,393
2553,255400,393
2554,255500,393
2555,255600,393
2556,255700,393
2557,255800,393
2558,255900,393
2559,256000,393
2560,256100,393
2561,256200,393
2562,256300,393
2563,256400,393
2564,256500,393
2565,256600,393
2566,256700,393
2567,256800,394
2568,256900,394
2569,257000,394
2570,257100,394
2571,257200,394
2572,257300,394
2573,257400,394
2574,257500,394
2575,257600,394
2576,257700,394
2577,257800,394
2578,257900,394
2579,258000,394
2580,258100,394
2581,258200,394
2582,258300,394
2583,258400,395
2584,258500,397
2585,258600,397
2586,258700,397
2587,258800,397
2588,258900,397
2589,259000,397
2590,259100,397
2591,259200,397
2592,259300,397
2593,259400,397
2594,259500,397
2595,259600,397
2596,259700,397
2597,259800,397
2598,259900,397
2599,260000,397
2600,260100,397
2601,260200,397
2602,260300,397
2603,260400,397
2604,260500,397
2605,260600,397
2606,260700,397
2607,260800,397
2608,260900,397
2609,261000,397
2610,261100,397
2611,261200,397
2612,261300,397
2613,261400,397
2614,261500,397
2615,261600,397
2616,261700,397
2617,261800,397
2618,261900,397
2619,262000,397
2620,262100,397
2621,262200,397
2622,262300,397
2623,262400,397
2624,262500,397
2625,262600,397
2626,262700,397
2627,262800,397
2628,262900,397
2629,263000,397
2630,263100,397
2631,263200,397
2632,263300,397
2633,263400,397
2634,263500,397
2635,263600,397
2636,263700,397
2637,263800,397
2638,263900,397
2639,264000,397
2640,264100,397
2641,264200,397
2642,264300,397
2643,264400,397
2644,264500,397
2645,264600,397
2646,264700,397
2647,264800,398
2648,264900,398
2649,265000,398
2650,265100,398
2651,265200,398
2652,265300,398
2653,265400,398
2654,265500,398
2655,265600,398
2656,265700,398
2657,265800,398
2658,265900,398
2659,266000,398
2660,266100,398
2661,266200,398
2662,266300,398
2663,266400,398
2664,266500,398
2665,266600,398
2666,266700,398
2667,266800,398
2668,266900,398
2669,267000,398
2670,267100,398
2671,267200,398
2672,267300,398
2673,267400,398
2674,267500,398
2675,267600,398
2676,267700,398
2677,267800,398
2678,267900,398
2679,268000,398
2680,268100,398
2681,268200,398
2682,268300,398
2683,268400,398
2684,268500,398
2685,268600,398
2686,268700,398
2687,268800,398
2688,268900,398
2689,269000,398
2690,269100,398
2691,269200,398
2692,269300,398
2693,269400,398
2694,269500,398
2695,269600,398
2696,269700,398
2697,269800,398
2698,269900,398
2699,270000,398
2700,270100,398
2701,270200,398
2702,270300,398
2703,270400,398
2704,270500,398
2705,270600,398
2706,270700,398
2707,270800,398
2708,270900,398
2709,271000,398
2710,271100,398
2711,271200,398
2712,271300,398
2713,271400,398
2714,271500,398
2715,271600,398
2716,271700,398
2717,271800,398
2718,271900,398
2719,272000,398
2720,272100,398
2721,272200,398
2722,272300,398
2723,272400,398
2724,272500,398
2725,272600,398
2726,272700,398
2727,272800,398
2728,272900,398
2729,273000,398
2730,273100,398
2731,273200,398
2732,273300,400
2733,273400,400
2734,273500,400
2735,273600,400
2736,273700,400
2737,273800,400
2738,273900,400
2739,274000,400
2740,274100,400
2741,274200,402
2742,274300,402
2743,274400,402
2744,274500,402
2745,274600,402
2746,274700,402
2747,274800,402
2748,274900,402
2749,275000,402
2750,275100,402
2751,275200,402
2752,275300,402
2753,275400,402
2754,275500,402
2755,275600,403
2756,275700,403
2757,275800,403
2758,275900,403
2759,276000,403
2760,276100,403
2761,276200,403
2762,276300,403
2763,276400,403
2764,276500,403
2765,276600,403
2766,276700,403
2767,276800,403
2768,276900,403
2769,277000,404
2770,277100,405
2771,277200,406
2772,277300,406
2773,277400,406
2774,277500,406
2775,277600,406
2776,277700,406
2777,277800,406
2778,277900,406
2779,278000,406
2780,278100,406
2781,278200,406
2782,278300,406
2783,278400,406
2784,278500,406
2785,278600,406
2786,278700,406
2787,278800,406
2788,278900,406
2789,279000,406
2790,279100,406
2791,279200,406
2792,279300,406
2793,279400,406
2794,279500,406
2795,279600,406
2796,279700,406
2797,279800,406
2798,279900,406
2799,280000,406
2800,280100,406
2801,280200,406
2802,280300,406
2803,280400,406
2804,280500,406
2805,280600,406
2806,280700,406
2807,280800,406
2808,280900,406
2809,281000,406
2810,281100,406
2811,281200,406
2812,281300,406
2813,281400,406
2814,281500,406
2815,281600,406
2816,281700,406
2817,281800,406
2818,281900,406
2819,282000,406
2820,282100,406
2821,282200,406
2822,282300,406
2823,282400,406
2824,282500,406
2825,282600,406
2826,282700,406
2827,282800,406
2828,282900,406
2829,283000,406
2830,283100,406
2831,283200,407
2832,283300,407
2833,283400,407
2834,283500,408
2835,283600,408
2836,283700,408
2837,283800,408
2838,283900,408
2839,284000,408
2840,284100,408
2841,284200,408
2842,284300,408
2843,284400,408
2844,284500,408
2845,284600,408
2846,284700,408
2847,284800,408
2848,284900,408
2849,285000,408
2850,285100,409
2851,285200,409
2852,285300,409
2853,285400,409
2854,285500,410
2855,285600,410
2856,285700,410
2857,285800,410
2858,285900,410
2859,286000,410
2860,286100,410
2861,286200,410
2862,286300,410
2863,286400,410
2864,286500,410
2865,286600,410
2866,286700,410
2867,286800,411
2868,286900,412
2869,287000,413
2870,287100,413
2871,287200,413
2872,287300,413
2873,287400,413
2874,287500,413
2875,287600,413
2876,287700,413
2877,287800,413
2878,287900,413
2879,288000,413
2880,288100,413
2881,288200,413
2882,288300,413
2883,288400,413
2884,288500,413
2885,288600,413
2886,288700,413
2887,288800,413
2888,288900,413
2889,289000,413
2890,289100,413
2891,289200,413
2892,289300,413
2893,289400,413
2894,289500,413
2895,289600,413
2896,289700,413
2897,289800,413
2898,289900,413
2899,290000,413
2900,290100,413
2901,290200,413
2902,290300,413
2903,290400,413
2904,290500,413
2905,290600,413
2906,290700,413
2907,290800,413
2908,290900,413
2909,291000,413
2910,291100,413
2911,291200,413
2912,291300,415
2913,291400,415
2914,291500,415
2915,291600,415
2916,291700,415
2917,291800,415
2918,291900,415
2919,292000,415
2920,292100,415
2921,292200,415
2922,292300,415
2923,292400,415
2924,292500,415
2925,292600,415
2926,292700,415
2927,292800,415
2928,292900,415
2929,293000,415
2930,293100,415
2931,293200,416
2932,293300,416
2933,293400,416
2934,293500,416
2935,293600,416
2936,293700,416
2937,293800,416
2938,293900,416
2939,294000,416
2940,294100,416
2941,294200,416
2942,294300,416
2943,294400,416
2944,294500,416
2945,294600,416
2946,294700,416
2947,294800,416
2948,294900,416
2949,295000,416
2950,295100,416
2951,295200,416
2952,295300,416
2953,295400,416
2954,295500,416
2955,295600,416
2956,295700,416
2957,295800,416
2958,295900,416
2959,296000,416
2960,296100,416
2961,296200,416
2962,296300,416
2963,296400,416
2964,296500,416
2965,296600,416
2966,296700,416
2967,296800,416
2968,296900,416
2969,297000,416
2970,297100,416
2971,297200,416
2972,297300,416
2973,297400,416
2974,297500,416
2975,297600,416
2976,297700,416
2977,297800,416
2978,297900,416
2979,298000,416
2980,298100,416
2981,298200,416
2982,298300,416
2983,298400,416
2984,298500,416
2985,298600,416
2986,298700,416
2987,298800,416
2988,298900,416
2989,299000,416
2990,299100,416
2991,299200,416
2992,299300,416
2993,299400,416
2994,299500,416
2995,299600,416
2996,299700,416
2997,299800,416
2998,299900,416
2999,300000,416
3000,300100,416
3001,300200,416
3002,300300,416
3003,300400,416
3004,300500,416
3005,300600,416
3006,300700,416
3007,300800,416
3008,300900,416
3009,301000,417
3010,301100,418
3011,301200,418
3012,301300,418
3013,301400,418
3014,301500,418
3015,301600,418
3016,301700,418
3017,301800,418
3018,301900,418
3019,302000,418
3020,302100,418
3021,302200,418
3022,302300,418
3023,302400,418
3024,302500,418
3025,302600,418
3026,302700,418
3027,302800,418
3028,302900,418
3029,303000,419
3030,303100,419
3031,303200,419
3032,303300,419
3033,303400,419
3034,303500,420
3035,303600,420
3036,303700,420
3037,303800,420
3038,303900,420
3039,304000,420
3040,304100,420
3041,304200,420
3042,304300,420
3043,304400,420
3044,304500,420
3045,304600,420
3046,304700,420
3047,304800,420
3048,304900,420
3049,305000,420
3050,305100,420
3051,305200,420
3052,305300,420
3053,305400,420
3054,305500,420
3055,305600,420
3056,305700,420
3057,305800,420
3058,305900,421
3059,306000,421
3060,306100,421
3061,306200,421
3062,306300,421
3063,306400,421
3064,306500,421
3065,306600,421
3066,306700,421
3067,306800,421
3068,306900,421
3069,307000,421
3070,307100,421
3071,307200,421
3072,307300,421
3073,307400,421
3074,307500,421
3075,307600,421
3076,307700,421
3077,307800,421
3078,307900,421
3079,308000,421
3080,308100,421
3081,308200,421
3082,308300,421
3083,308400,421
3084,308500,421
3085,308600,421
3086,308700,421
3087,308800,421
3088,308900,421
3089,309000,421
3090,309100,421
3091,309200,421
3092,309300,421
3093,309400,423
3094,309500,423
3095,309600,423
3096,309700,423
3097,309800,423
3098,309900,423
3099,310000,423
3100,310100,424
3101,310200,424
3102,310300,424
3103,310400,424
3104,310500,424
3105,310600,424
3106,310700,424
3107,310800,424
3108,310900,424
3109,311000,424
3110,311100,424
3111,311200,424
3112,311300,424
3113,311400,424
3114,311500,424
3115,311600,424
3116,311700,424
3117,311800,424
3118,311900,424
3119,312000,424
3120,312100,424
3121,312200,424
3122,312300,424
3123,312400,424
3124,312500,424
3125,312600,424
3126,312700,424
3127,312800,424
3128,312900,424
3129,313000,424
3130,313100,424
3131,313200,424
3132,313300,424
3133,313400,424
3134,313500,424
3135,313600,424
3136,313700,424
3137,313800,424
3138,313900,424
3139,314000,424
3140,314100,424
3141,314200,424
3142,314300,424
3143,314400,424
3144,314500,425
3145,314600,425
3146,314700,425
3147,314800,425
3148,314900,425
3149,315000,425
3150,315100,425
3151,315200,425
3152,315300,425
3153,315400,425
3154,315500,425
3155,315600,425
3156,315700,425
3157,315800,425
3158,315900,425
3159,316000,425
3160,316100,425
3161,316200,425
3162,316300,425
3163,316400,425
3164,316500,425
3165,316600,425
3166,316700,425
3167,316800,425
3168,316900,425
3169,317000,425
3170,317100,425
3171,317200,425
3172,317300,425
3173,317400,425
3174,317500,425
3175,317600,425
3176,317700,425
3177,317800,425
3178,317900,425
3179,318000,425
3180,318100,425
3181,318200,425
3182,318300,425
3183,318400,425
3184,318500,425
3185,318600,425
3186,318700,426
3187,318800,426
3188,318900,426
3189,319000,426
3190,319100,426
3191,319200,426
3192,319300,426
3193,319400,427
3194,319500,427
3195,319600,427
3196,319700,427
3197,319800,427
3198,319900,427
3199,320000,427
3200,320100,427
3201,320200,427
3202,320300,427
3203,320400,427
3204,320500,427
3205,320600,427
3206,320700,430
3207,320800,430
3208,320900,430
3209,321000,430
3210,321100,430
3211,321200,430
3212,321300,430
3213,321400,430
3214,321500,430
3215,321600,430
3216,321700,430
3217,321800,430
3218,321900,430
3219,322000,430
3220,322100,430
3221,322200,431
3222,322300,431
3223,322400,431
3224,322500,431
3225,322600,431
3226,322700,431
3227,322800,431
3228,322900,431
3229,323000,431
3230,323100,431
3231,323200,431
3232,323300,431
3233,323400,432
3234,323500,432
3235,323600,432
3236,323700,432
3237,323800,432
3238,323900,432
3239,324000,432
3240,324100,432
3241,324200,432
3242,324300,432
3243,324400,432
3244,324500,432
3245,324600,432
3246,324700,432
3247,324800,432
3248,324900,432
3249,325000,432
3250,325100,432
3251,325200,432
3252,325300,432
3253,325400,432
3254,325500,432
3255,325600,432
3256,325700,433
3257,325800,433
3258,325900,433
3259,326000,433
3260,326100,433
3261,326200,433
3262,326300,433
3263,326400,433
